batter,batter_name,decision_adv_per100
681624,andy pages,-0.18272504
669743,alex call,-0.18491013
656305,matt chapman,-0.18575504
656555,rhys hoskins,-0.18768944
519317,giancarlo stanton,-0.19106358
671056,iván herrera,-0.19704919
614177,franmil reyes,-0.19861056
669707,jared triolo,-0.19969758
694671,wyatt langford,-0.24796098
665482,gilberto celestino,-0.26078612
