batter,batter_name,decision_adv_per100
572816,corey dickerson,0.27512035
642336,francisco mejía,0.2299619
571980,tyler naquin,0.22570147
686527,dominic canzone,0.20259106
676391,ernie clement,0.19978568
488726,michael brantley,0.19318777
682928,cj abrams,0.19080961
664058,david fletcher,0.1881232
623205,andrew velazquez,0.18531509
544725,leury garcía,0.18299726
